id,uuid,residence,first_name,last_name,nickname,birthdate,gender,birthplace,intake_date,discharge_date,photo,priority,is_active,last_saved
1,083f7b5b-e66d-431b-94cb-f1152a2baec4,1,Abby,Adams,,01/01/2001,f,Allantown,26/01/2004,26/01/2014,photos/me.png,3,1,2007-11-25 19:30:59
2,b51bcc87-469b-4166-9f0c-5e53c62c6d0e,1,Betty,Burns,,02/02/2002,f,Bismark,26/01/2014,,photos/me.png,3,1,2006-10-25 19:30:59
3,01ad0641-061a-4ba1-a453-11e076875d52,1,Charlie,Card,,03/03/2003,m,Centerville,26/01/2014,,photos/me.png,3,1,2006-10-25 19:30:59
4,62c8cb2e-8244-4f71-9152-0dc61f687389,1,Dave,Daniels,,04/04/2004,m,Davenport,26/01/2014,,photos/me.png,3,1,2006-10-25 19:30:59
5,970908e3-6a60-4b70-8f90-3e58ead6d407,1,Eddie,Edwards,,05/05/2005,m,Eagle Creek,26/01/2014,,photos/me.png,3,1,2006-10-25 19:30:59
6,66513180-c6d8-4eba-ae47-f6bcf72dc8d1,1,Fred,Flinstone,,06/06/2006,m,Flint,26/01/2014,,photos/me.png,3,1,2006-10-25 19:30:59
7,bb7f62b0-5baa-4880-97d4-3633e9c1264b,1,Gary,Gains,,07/07/2007,m,Home,26/01/2010,,photos/me.png,3,0,2006-10-25 19:30:59
8,c8af6fd8-6a67-4c4f-ba4c-f3672d86de5f,1,Henry,Higgins,,08/08/2008,m,Home,26/01/2011,,photos/me.png,3,1,2006-10-25 19:30:59
9,f603fe34-c870-4a19-bf66-aa1f03ecb804,1,Ingrid,Immel,,09/09/2009,f,Indio,26/01/2014,,photos/me.png,3,1,2006-10-25 19:30:59
10,e3c137e3-c886-46a1-be55-d5924be53f71,1,Jerry,Jones,,10/10/2010,m,Jersey,26/01/2014,,photos/me.png,3,0,2006-10-25 19:30:59
11,9a1f7986-f960-465d-b4f3-19d5cebb10bb,1,Kevin,Kurry,,11/11/2011,m,Home,26/01/2014,,photos/me.png,3,0,2006-10-25 19:30:59